{
  "version": 1,
  "author": "Cooding Demo",
  "editor": "wokwi",
  "parts": [
    { "type": "wokwi-arduino-uno", "id": "uno", "top": 125.4, "left": -67.8, "attrs": {} },
    { "type": "wokwi-lcd1602", "id": "lcd1", "top": -226.97, "left": -41.6, "attrs": {} },
    { "type": "wokwi-potentiometer", "id": "pot1", "top": -154.9, "left": -201.8, "attrs": {} },
    {
      "type": "wokwi-resistor",
      "id": "r1",
      "top": 3.95,
      "left": 192,
      "attrs": { "value": "1000" }
    },
    { "type": "wokwi-hc-sr04", "id": "ultrasonic1", "top": -27.3, "left": 255.1, "attrs": {} },
    {
      "type": "wokwi-pushbutton",
      "id": "btn1",
      "top": 169.4,
      "left": 240,
      "attrs": { "color": "green" }
    },
    { "type": "wokwi-slide-switch", "id": "sw1", "top": 263.6, "left": 262.3, "attrs": {} },
    { "type": "wokwi-ks2e-m-dc5", "id": "relay1", "top": 148.5, "left": 368.9, "attrs": {} },
    { "type": "wokwi-led", "id": "led1", "top": -186, "left": 599, "attrs": { "color": "red" } },
    {
      "type": "wokwi-resistor",
      "id": "r2",
      "top": -111.25,
      "left": 672,
      "attrs": { "value": "1000" }
    }
  ],
  "connections": [
    [ "lcd1:VSS", "uno:GND.1", "black", [ "v0" ] ],
    [ "lcd1:VSS", "pot1:GND", "black", [ "v0" ] ],
    [ "pot1:VCC", "lcd1:VDD", "red", [ "v57.6", "h85.5" ] ],
    [ "lcd1:RS", "uno:2", "green", [ "v86.4", "h48.3" ] ],
    [ "lcd1:RW", "lcd1:VSS", "black", [ "v76.8", "h-38.5", "v-76.8" ] ],
    [ "lcd1:E", "uno:3", "#8f4814", [ "v38.4", "h96" ] ],
    [ "lcd1:D4", "uno:4", "orange", [ "v57.6", "h48" ] ],
    [ "lcd1:D5", "uno:5", "gold", [ "v67.2", "h38.5" ] ],
    [ "lcd1:D6", "uno:6", "blue", [ "v96", "h29" ] ],
    [ "lcd1:D7", "uno:7", "yellow", [ "v115.2", "h9.9" ] ],
    [ "lcd1:A", "r1:1", "black", [ "v19.2", "h67.1" ] ],
    [ "lcd1:K", "lcd1:VSS", "black", [ "v48", "h-134.4" ] ],
    [ "ultrasonic1:VCC", "uno:5V", "red", [ "v268.8", "h-230.4" ] ],
    [ "lcd1:VDD", "uno:5V", "red", [ "v153.6", "h-76.7", "v240", "h182.4" ] ],
    [ "ultrasonic1:TRIG", "uno:8", "purple", [ "v38.4", "h-230.8" ] ],
    [ "ultrasonic1:ECHO", "uno:9", "gray", [ "v28.8", "h-260" ] ],
    [ "btn1:2.l", "uno:GND.3", "black", [ "h-9.6", "v153.8", "h-57.6" ] ],
    [ "btn1:1.r", "uno:10", "white", [ "v-19.2", "h-220.6" ] ],
    [ "sw1:2", "uno:GND.3", "black", [ "v57.6", "h-163.1" ] ],
    [ "sw1:1", "uno:11", "gold", [ "v0", "h-57.6", "v-134.4", "h-134.4" ] ],
    [ "relay1:COIL2", "uno:12", "orange", [ "v-28.8", "h-20.5" ] ],
    [ "uno:5V", "relay1:P1", "red", [ "v19.1", "h320.6" ] ],
    [ "led1:A", "r2:1", "green", [ "v0" ] ],
    [ "led1:C", "relay1:COIL1", "green", [ "v0" ] ],
    [ "r2:2", "relay1:NC1", "green", [ "v364.8", "h-337.2", "v-76.8" ] ],
    [ "pot1:SIG", "lcd1:V0", "green", [ "v76.8", "h182", "v-48" ] ],
    [ "r1:2", "lcd1:VDD", "red", [ "v-28.8", "h-241.2" ] ],
    [ "ultrasonic1:GND", "uno:GND.3", "black", [ "v278.4", "h-241.2" ] ],
    [ "relay1:COIL1", "uno:GND.3", "black", [ "v174", "h-327.7" ] ]
  ],
  "dependencies": {}
}